Анна Иванова, +79161234567, anna.ivanova@example.com
Дмитрий Смирнов, +79261234568, dmitriy.smirnov@example.com
Екатерина Петрова, +79371234569, ekaterina.petrova@example.com
Алексей Соколов, +79481234570, alexey.sokolov@example.com
Мария Кузнецова, +79591234571, maria.kuznetsova@example.com
Иван Попов, +79601234572, ivan.popov@example.com
Ольга Новикова, +79711234573, olga.novikova@example.com
Павел Морозов, +79821234574, pavel.morozov@example.com
Светлана Васильева, +79931234575, svetlana.vasileva@example.com
Николай Михайлов, +79101234576, nikolay.mikhailov@example.com
Татьяна Федорова, +79201234577, tatiana.fedorova@example.com
Андрей Орлов, +79301234578, andrey.orlov@example.com
Елена Волкова, +79401234579, elena.volkova@example.com
Максим Козлов, +79501234580, maxim.kozlov@example.com
Ирина Зайцева, +79601234581, irina.zaytseva@example.com